Position,Company,Location,URL
Fullstack Software Engineer,Tesla,California,https://jooble.org/jdp/-2002147692228746055
Fullstack Software Engineer,Dynamic,Remote,https://jooble.org/jdp/-8410973537173026703
"26-1084 - Full Stack Software Engineer - Herndon, VA",Navitas,"Herndon, VA",https://jooble.org/jdp/-6144103335463185801
Fullstack Visualization Software Engineer,Woven by Toyota,Michigan,https://jooble.org/jdp/-3672679796183857673
Fullstack Software Engineer,Candid Health,"Denver, CO",https://jooble.org/jdp/8867238785153059114
E3n - Full Stack Software Engineer,TalentED Advisors,United States,https://jooble.org/jdp/5931343482088474099
Full stack software engineer,MORSE Corp,"Cambridge, MA",https://jooble.org/desc/6711212706694077316
Full Stack Software Engineer,Anthem Engineering,"Hanover, MD",https://jooble.org/jdp/-3336881026705678148
Full Stack Software Engineer,"SixGen, Inc.",Remote,https://jooble.org/jdp/265199874426537469
Fullstack Software Engineer,"TWO95 International, Inc",Malaysia,https://jooble.org/jdp/35737038302148202
Fullstack Software Engineer,BLAST,Denmark,https://jooble.org/jdp/-6686928537689065395
Full Stack Software Engineer,Pinnacle Group,"McLean, VA",https://jooble.org/jdp/-9129249259912447175
Full Stack Software Engineer,Intelliforce-IT Solutions Group,"Annapolis Junction, MD",https://jooble.org/jdp/1626950809676767428
Software Engineer - Full Stack Engineer,GDIT,Florida,https://jooble.org/jdp/5664011725804417565
Full-stack Software Engineer - Connectors,Neo4j,Remote,https://jooble.org/jdp/3914780457522772290
Full Stack Software Engineer - Control Plane,Clickhouse,Remote,https://jooble.org/jdp/4959878210166287068
Fullstack Software Engineer,Insight Global,"Urbandale, IA",https://jooble.org/jdp/-3062939832076762007
Full Stack Software Engineer,Belay Technologies,Maryland,https://jooble.org/jdp/-8835398786886130315
Full-Stack Software Engineer,"quadric, Inc","Burlingame, CA",https://jooble.org/jdp/500830311954475536
Full Stack Software Engineer,Castle,Remote,https://jooble.org/jdp/3556039340056805710
